{"type":"Topology","transform":{"scale":[0.0002970876869417348,0.0001754887891445283],"translate":[-8.173847919705315,54.022724361714175]},"arcs":[[[8925,3295],[-59,-38],[-26,53],[-54,-4],[-77,-42],[-30,91],[-38,28],[33,35],[-139,41],[-68,-73],[-54,39],[-38,-34],[-71,14],[-30,37],[-84,-10],[-56,-64],[-44,-10]],[[8090,3358],[-54,43],[-145,-48],[1,32],[-108,24],[21,72]],[[7805,3481],[27,37],[58,28],[25,37],[80,55],[85,28],[109,66],[68,-60],[137,10],[25,-34],[124,34],[11,61],[63,-25],[40,14],[89,-22],[22,-56],[54,-48],[39,-12],[11,-54],[34,-42],[-21,-79],[40,-124]],[[8887,3755],[41,-30],[-31,-39],[-47,46],[37,23]],[[6517,1920],[16,-48],[-25,-56],[-6,-76],[-77,-32],[-30,33],[-32,-45],[-1,-72],[31,-55],[-36,-34],[13,-79],[-24,-75],[-114,8],[-33,-18],[-41,49],[-33,13]],[[6125,1433],[-11,39],[-45,57],[5,74],[28,46],[-17,100],[12,62],[-43,61],[-32,114],[-29,43],[-23,74],[-78,-77],[-74,-19],[-66,29],[-50,59],[-36,71],[23,88],[-53,-13],[-57,33],[-26,63],[-48,40],[-19,63],[-41,30],[-35,55]],[[5410,2525],[0,65],[-30,125],[-42,49]],[[5338,2764],[32,57],[125,139],[388,148]],[[5883,3108],[344,132],[111,-170],[44,-23]],[[6382,3047],[26,-138],[5,-90],[92,-96],[-2,-58],[-38,-14],[-5,-49],[47,-38],[3,-54],[104,-104],[-16,-24],[-47,-149],[-46,-47],[19,-53],[-29,-51],[-42,-9],[-26,-36],[12,-37],[78,-80]],[[7213,6352],[-34,-37],[25,-101],[-8,-58],[-43,-81],[-32,-139],[53,-65],[63,24],[98,12],[46,-8],[60,-55],[-30,-99],[-17,-134],[-34,-42],[-15,-78],[38,-43],[33,13],[45,-63],[92,-11],[87,-116],[45,-101],[27,-95],[25,-43],[62,-41],[41,13],[8,-65],[29,-65],[39,-13],[82,-135],[96,-1],[36,39],[110,-59],[50,-77],[65,-143],[8,-39],[-18,-146],[19,-52],[-45,-58],[-25,-66],[-78,-47],[-41,-58],[-40,-30],[-112,-10],[-52,-58],[-82,-11],[-221,-198]],[[7668,3712],[-72,29],[-27,52]],[[7569,3793],[25,46],[95,-4],[-4,71],[-59,28],[54,183],[-44,30],[28,48],[-30,37],[62,40],[-50,36],[-65,-36],[-65,8],[-26,36],[-43,-36],[-28,47],[-57,-46],[-39,60],[-47,22],[8,67]],[[7284,4430],[-12,73],[-39,59],[28,32],[85,-15],[88,0],[60,23],[9,47],[-72,104],[-21,-27],[-63,53],[-18,-30],[-62,2],[-53,40],[-19,177],[-35,41],[54,60],[-6,63],[35,87],[-92,78],[-24,53],[-70,69],[4,22],[-74,36],[-105,23],[-36,34],[-21,74],[-26,11],[-8,61],[-31,66],[-52,19],[-50,85],[-32,12],[-38,97],[-31,35],[0,51],[126,138],[4,39],[69,64],[43,-3],[63,66],[142,65],[-20,49],[80,-10],[73,-34],[35,11],[41,-78]],[[7284,4430],[-192,-17],[-39,-28],[-72,9],[-25,69],[-40,17],[-69,-15],[-109,32],[-13,-22],[-77,-13],[0,-44],[-54,-46],[-65,-10],[-50,30],[-138,-19],[-111,5],[-50,58],[-73,-25],[-34,-66],[-51,-35],[-86,21],[-74,35],[-48,-23],[-103,-23]],[[5711,4320],[-2,76],[23,104],[42,28],[4,41],[-47,95],[-1,73],[-49,122],[-13,60],[-27,22],[-25,124],[20,39],[-82,153],[-46,38]],[[5508,5295],[-46,117],[14,45],[-78,29],[-2,43],[-36,74],[18,67],[10,118],[-32,71],[-8,74],[-37,20],[-37,53],[12,38],[62,29],[52,139],[5,125],[82,55],[86,-8],[4,31],[-31,139],[-1,150],[-28,53],[24,63],[-12,76],[85,44],[71,60],[45,2],[53,-68],[134,-13],[22,-29],[70,21],[67,56],[34,-27],[72,-13],[96,-53],[60,-1],[98,-87],[52,-14],[32,-40],[160,40],[54,26],[68,66],[45,-3],[86,-103],[48,-5],[109,-64],[73,-142],[41,-13],[26,-64],[0,-110],[-17,-10]],[[6510,7347],[71,-33],[148,-19],[22,-21],[-42,-110],[-4,-71],[-55,-13],[-9,65],[41,47],[-15,44],[-116,20],[-110,-35],[-87,21],[53,74],[35,-1],[68,32]],[[8716,2102],[121,-102],[52,-182],[57,-99],[-109,-95],[-40,-121],[-53,-77],[-139,-153],[-10,49],[-40,29],[-44,-16],[31,-74],[-40,-72],[-54,-27],[-8,49],[-36,65],[-35,23],[-206,5],[-32,-22],[-190,-30],[-25,7],[-36,61],[51,16],[-9,86],[-55,-38],[-45,-90],[56,8],[7,-62],[-158,-125],[-46,-66],[7,-37],[42,-59],[17,-77],[-13,-132],[-44,-106],[10,-75],[-59,-127],[-51,-31],[-131,-119],[-17,-57],[-94,-23],[-55,-47],[-21,-49],[-94,-55],[-72,-55],[-20,37],[-44,2],[-29,42],[-56,20],[32,46],[65,15],[-61,68],[-27,-10],[-67,26],[-49,-24],[-96,33],[-77,102],[1,39],[-41,37],[-97,7],[-68,-15],[-58,28],[-30,40],[-55,27],[-69,147],[-55,89],[63,31],[-27,69],[13,90],[-46,-11],[-8,48],[-52,-1],[-22,129],[69,24],[-36,55],[-86,52],[-8,51],[39,66],[-20,47],[74,14],[41,-49],[33,18],[114,-8],[24,75],[-13,79],[36,34],[-31,55],[1,72],[32,45],[30,-33],[77,32],[6,76],[25,56],[-1,47],[56,7],[59,37],[40,-66],[54,13],[30,43],[41,17],[37,-55],[0,-35],[103,-78],[74,-20],[3,-41],[52,-17],[67,28],[97,59],[18,76],[-25,75],[25,54],[103,7],[50,38],[71,-28],[31,23],[4,83],[54,74],[43,-35],[-1,-37],[53,-4],[24,-27],[40,58],[134,8],[58,-113],[48,-16],[47,19],[63,-7],[35,89],[161,29],[96,-40],[51,-52],[31,-64],[220,168],[37,-87]],[[5711,4320],[-10,-31],[43,-63],[34,-13],[-96,-145],[-34,-131],[90,-162],[209,-207],[-64,-460]],[[5338,2764],[-48,-26],[-28,23],[-39,-27],[-115,47],[-55,47],[-78,27],[-54,-48],[-53,44],[-79,36],[-37,37],[-107,-39],[-20,-61],[-25,-14],[-122,38],[-77,0],[4,-37],[-34,-28],[-89,9],[-101,-31],[-22,48],[-127,55],[-49,57]],[[3983,2921],[63,77],[-47,43],[55,64],[-10,33],[31,86],[-13,49],[64,62],[-44,25],[-4,59],[-38,68],[-22,75],[-28,28],[57,46],[-105,61],[-4,67],[34,68],[-2,63],[-56,67],[28,32],[-13,44],[74,67],[57,7],[91,45],[16,79],[-14,43],[60,-3],[65,61],[-10,42],[-52,77],[32,50],[-1,39]],[[4247,4545],[48,23],[38,56],[0,107],[103,24],[17,-36],[111,-30],[52,5],[68,90],[0,47],[42,7],[2,70],[36,83],[-63,60],[7,30],[125,82],[103,17],[57,-88],[113,35],[42,50],[3,35],[88,5],[116,-71],[149,93],[4,56]],[[6125,1433],[-41,-27],[20,-47],[-39,-66],[8,-51],[86,-52],[36,-55],[-69,-24],[22,-129],[52,1],[8,-48],[46,11],[-13,-90],[27,-69],[-63,-31],[55,-89],[40,-97],[38,-57],[-61,-35],[-30,-89],[-62,21],[6,59],[-18,39],[-95,-3],[20,-80],[0,-102],[-17,-52],[-56,-14],[-29,-43],[-66,16],[-106,-29],[-44,83],[-71,26],[-8,-57],[-120,-83],[-55,40],[-58,-52],[-29,-7],[-96,47],[-61,-71],[-63,-35],[-60,55],[-29,73],[-51,28],[31,115],[36,73],[-53,103],[71,83],[-3,60],[35,69],[-21,94],[-75,78],[-20,47],[-78,11],[-11,28],[-52,1],[-48,-73],[-82,-13],[-36,81],[-60,-1],[-70,56],[-25,72],[-44,33],[-14,64],[-34,52],[-1,57],[-24,50],[-51,-7],[-88,81],[66,19],[-7,36],[32,49],[-28,36],[-14,65],[-2,85]],[[4409,1752],[77,18],[21,31],[8,74],[66,96],[28,64],[-11,99],[49,103],[76,-8],[44,-41],[29,23],[44,-8],[18,-37],[69,7],[32,70],[-13,29],[36,46],[-12,69],[86,64],[13,57],[47,31],[38,-46],[93,-55],[17,49],[58,2],[88,36]],[[3056,5109],[25,-29],[-48,-118],[11,-31],[75,-11],[59,7],[106,-8],[2,-45],[-29,-61],[62,-58],[-54,-20],[43,-43],[43,42],[49,13],[24,-46],[69,-64],[112,-85],[132,-61],[81,51],[119,6],[57,69],[52,-27],[86,32],[115,-77]],[[3983,2921],[-65,-58],[-63,4],[-36,-45],[0,-69],[-64,-19],[-87,15],[-52,-28],[-77,-143],[-43,36],[-84,-51],[-23,22],[-69,-22],[-37,-35],[-71,-3],[-54,-65],[-58,-20],[-35,36],[-72,-33],[-30,-43],[-77,-8],[-51,15],[-152,-49],[-123,29],[-38,-47],[-64,-41],[-98,-30],[-73,-42],[-50,-45],[-61,44],[-1,46],[-103,100],[14,60],[-37,14],[7,42],[-44,81],[20,85],[-9,29],[29,54],[-37,17],[8,64],[26,43],[24,109],[32,-4],[68,72],[-59,80],[-120,-30],[-60,7],[-9,40],[-60,23],[-24,44],[-128,-9],[-26,29],[-34,96],[-70,20]],[[1583,3338],[31,29],[-39,36],[4,69],[-68,-25],[-60,-43],[-54,27],[-44,-20],[-41,68],[-58,1],[-50,48],[-42,-51],[-95,32],[1,68],[-70,30],[-48,1],[-42,39],[-33,75],[52,52],[-46,51],[-20,50],[77,-13],[52,12],[83,139],[63,54],[63,-15],[42,-85],[55,4],[38,-53],[104,-33],[38,71],[80,52],[49,2],[70,38],[133,105],[64,-47],[57,15],[78,-22],[67,18],[29,-27],[45,44],[-40,41],[0,110],[15,28],[-20,55],[24,54],[46,22],[96,88],[52,32],[13,46],[79,124],[47,102],[3,45],[-35,120],[25,71],[-8,126],[76,47],[66,-6],[44,19]],[[2631,5258],[29,-8],[42,-91],[2,-46],[44,-28],[117,-3],[71,59],[19,-23],[101,-9]],[[8090,3358],[5,-65],[-15,-38],[53,-52],[-42,-54],[-25,7],[-72,-88],[2,-35],[-58,3],[-90,57],[-41,-26],[-68,27]],[[7739,3094],[-44,30],[-56,123],[-54,41]],[[7585,3288],[19,45],[135,176]],[[7739,3509],[66,-28]],[[7739,3094],[-60,-53],[40,-61],[13,-83],[-23,-105],[-36,-81]],[[7673,2711],[-17,70],[-31,52],[-26,-1],[-34,113],[-82,52],[-47,-7],[15,-54],[-26,-26],[-53,9],[-42,83]],[[7330,3002],[12,89],[64,59],[70,93],[85,46]],[[7561,